Cluster ID,Avg Membership Probability
0,1.0
1,0.9715000473583072
2,0.9590900013739413
3,1.0
4,0.9718864216078217
