,precision,recall
No Disease (0),0.7306791569086651,0.7609756097560976
Disease (1),0.8,0.7731755424063116
