Metric,Value
Silhouette Score,0.3532649436243233
Davies-Bouldin Index,1.127460199905455
WCSS (Inertia),188.88844117064917
