Metric,Value
Silhouette Score,0.19698522723631087
Davies-Bouldin Index,1.6896897457113393
WCSS (Inertia),2126.4273716925836
